Validator,PT_VERSION,2.14.0
Validator,CUBLASLT_VERSION,130101
Validator,CUDA_DEVICE,8.6:NVIDIA GeForce RTX 3090
GemmTunableOp_BFloat16_TN,tn_4096_1_2048_ld_2048_2048_4096,Gemm_Cublaslt_id_13_tile_0_stages_0_splitk_1_red_0_swizzle_0_custom_75_inner_0_cluster_0,0.0239245
GemmTunableOp_BFloat16_TN,tn_2048_1_2048_ld_2048_2048_2048,Gemm_Cublaslt_id_13_tile_0_stages_0_splitk_1_red_0_swizzle_0_custom_81_inner_0_cluster_0,0.0149923
GemmTunableOp_BFloat16_TN,tn_6144_1_2048_ld_2048_2048_6144,Gemm_Cublaslt_id_13_tile_0_stages_0_splitk_1_red_0_swizzle_0_custom_75_inner_0_cluster_0,0.0329133
GemmTunableOp_BFloat16_TN,tn_2048_1_6144_ld_6144_6144_2048,Gemm_Cublaslt_id_13_tile_0_stages_0_splitk_1_red_0_swizzle_0_custom_75_inner_0_cluster_0,0.0341955
GemmTunableOp_BFloat16_TN,tn_151936_1_2048_ld_2048_2048_151936,Gemm_Cublaslt_id_13_tile_0_stages_0_splitk_1_red_0_swizzle_0_custom_75_inner_0_cluster_0,0.703441
GemmTunableOp_BFloat16_TN,tn_4096_4_2048_ld_2048_2048_4096,Gemm_Cublaslt_id_21_tile_11_stages_20_splitk_1_red_0_swizzle_0_custom_0_inner_0_cluster_0,0.0269037
GemmTunableOp_BFloat16_TN,tn_2048_4_2048_ld_2048_2048_2048,Gemm_Cublaslt_id_21_tile_15_stages_12_splitk_2_red_1_swizzle_0_custom_0_inner_0_cluster_0,0.018223
GemmTunableOp_BFloat16_TN,tn_6144_4_2048_ld_2048_2048_6144,Default,0.0353386
GemmTunableOp_BFloat16_TN,tn_2048_4_6144_ld_6144_6144_2048,Gemm_Cublaslt_id_21_tile_5_stages_20_splitk_3_red_4_swizzle_0_custom_0_inner_0_cluster_0,0.03748
GemmTunableOp_BFloat16_TN,tn_151936_4_2048_ld_2048_2048_151936,Default,0.72232
GemmTunableOp_BFloat16_TN,tn_4096_16_2048_ld_2048_2048_4096,Default,0.0272522
GemmTunableOp_BFloat16_TN,tn_2048_16_2048_ld_2048_2048_2048,Gemm_Cublaslt_id_21_tile_5_stages_20_splitk_3_red_4_swizzle_0_custom_0_inner_0_cluster_0,0.018561
GemmTunableOp_BFloat16_TN,tn_6144_16_2048_ld_2048_2048_6144,Default,0.0358806
GemmTunableOp_BFloat16_TN,tn_2048_16_6144_ld_6144_6144_2048,Gemm_Cublaslt_id_21_tile_5_stages_20_splitk_3_red_4_swizzle_0_custom_0_inner_0_cluster_0,0.0382694
GemmTunableOp_BFloat16_TN,tn_151936_16_2048_ld_2048_2048_151936,Default,0.736366
GemmTunableOp_BFloat16_TN,tn_4096_32_2048_ld_2048_2048_4096,Gemm_Cublaslt_id_21_tile_15_stages_12_splitk_1_red_0_swizzle_0_custom_0_inner_0_cluster_0,0.0271578
GemmTunableOp_BFloat16_TN,tn_2048_32_2048_ld_2048_2048_2048,Gemm_Cublaslt_id_21_tile_15_stages_12_splitk_2_red_1_swizzle_0_custom_0_inner_0_cluster_0,0.0192483
GemmTunableOp_BFloat16_TN,tn_6144_32_2048_ld_2048_2048_6144,Gemm_Cublaslt_id_21_tile_15_stages_12_splitk_3_red_1_swizzle_0_custom_0_inner_0_cluster_0,0.0419658
GemmTunableOp_BFloat16_TN,tn_2048_32_6144_ld_6144_6144_2048,Gemm_Cublaslt_id_6_tile_15_stages_17_splitk_2_red_1_swizzle_0_custom_0_inner_0_cluster_0,0.0388928
GemmTunableOp_BFloat16_TN,tn_151936_32_2048_ld_2048_2048_151936,Default,0.756684
GemmTunableOp_BFloat16_TN,tn_4096_64_2048_ld_2048_2048_4096,Default,0.0282038
GemmTunableOp_BFloat16_TN,tn_2048_64_2048_ld_2048_2048_2048,Gemm_Cublaslt_id_21_tile_15_stages_12_splitk_2_red_1_swizzle_0_custom_0_inner_0_cluster_0,0.0196541
GemmTunableOp_BFloat16_TN,tn_6144_64_2048_ld_2048_2048_6144,Gemm_Cublaslt_id_21_tile_15_stages_12_splitk_3_red_1_swizzle_0_custom_0_inner_0_cluster_0,0.0430429
GemmTunableOp_BFloat16_TN,tn_2048_64_6144_ld_6144_6144_2048,Gemm_Cublaslt_id_6_tile_15_stages_17_splitk_2_red_1_swizzle_0_custom_0_inner_0_cluster_0,0.0406058
GemmTunableOp_BFloat16_TN,tn_151936_64_2048_ld_2048_2048_151936,Default,0.794384
GemmTunableOp_BFloat16_TN,tn_4096_128_2048_ld_2048_2048_4096,Default,0.0486323
GemmTunableOp_BFloat16_TN,tn_2048_128_2048_ld_2048_2048_2048,Default,0.0261754
GemmTunableOp_BFloat16_TN,tn_6144_128_2048_ld_2048_2048_6144,Gemm_Cublaslt_id_21_tile_24_stages_9_splitk_3_red_1_swizzle_0_custom_0_inner_0_cluster_0,0.068865
GemmTunableOp_BFloat16_TN,tn_2048_128_6144_ld_6144_6144_2048,Default,0.0601434
GemmTunableOp_BFloat16_TN,tn_151936_128_2048_ld_2048_2048_151936,Gemm_Cublaslt_id_21_tile_20_stages_10_splitk_1_red_0_swizzle_0_custom_0_inner_0_cluster_0,1.24362
GemmTunableOp_BFloat16_TN,tn_4096_256_2048_ld_2048_2048_4096,Gemm_Cublaslt_id_5_tile_20_stages_7_splitk_3_red_1_swizzle_1_custom_0_inner_0_cluster_0,0.0837338
GemmTunableOp_BFloat16_TN,tn_2048_256_2048_ld_2048_2048_2048,Gemm_Cublaslt_id_6_tile_18_stages_12_splitk_1_red_0_swizzle_0_custom_0_inner_0_cluster_0,0.0451389
GemmTunableOp_BFloat16_TN,tn_6144_256_2048_ld_2048_2048_6144,Gemm_Cublaslt_id_5_tile_20_stages_7_splitk_4_red_1_swizzle_1_custom_0_inner_0_cluster_0,0.10396
GemmTunableOp_BFloat16_TN,tn_2048_256_6144_ld_6144_6144_2048,Gemm_Cublaslt_id_6_tile_18_stages_12_splitk_1_red_0_swizzle_0_custom_0_inner_0_cluster_0,0.118023
GemmTunableOp_BFloat16_TN,tn_151936_256_2048_ld_2048_2048_151936,Gemm_Cublaslt_id_21_tile_24_stages_9_splitk_1_red_0_swizzle_0_custom_0_inner_0_cluster_0,2.21791
GemmTunableOp_BFloat16_TN,tn_4096_512_2048_ld_2048_2048_4096,Gemm_Cublaslt_id_5_tile_20_stages_7_splitk_9_red_1_swizzle_1_custom_0_inner_0_cluster_0,0.138238
GemmTunableOp_BFloat16_TN,tn_2048_512_2048_ld_2048_2048_2048,Gemm_Cublaslt_id_5_tile_20_stages_7_splitk_9_red_1_swizzle_1_custom_0_inner_0_cluster_0,0.0765162
GemmTunableOp_BFloat16_TN,tn_6144_512_2048_ld_2048_2048_6144,Gemm_Cublaslt_id_5_tile_20_stages_7_splitk_2_red_1_swizzle_1_custom_0_inner_0_cluster_0,0.197227
GemmTunableOp_BFloat16_TN,tn_2048_512_6144_ld_6144_6144_2048,Gemm_Cublaslt_id_5_tile_20_stages_7_splitk_9_red_1_swizzle_1_custom_0_inner_0_cluster_0,0.197064
GemmTunableOp_BFloat16_TN,tn_151936_512_2048_ld_2048_2048_151936,Gemm_Cublaslt_id_21_tile_24_stages_9_splitk_1_red_0_swizzle_0_custom_0_inner_0_cluster_0,4.35558
GemmTunableOp_BFloat16_TN,tn_12288_1_2048_ld_2048_2048_12288,Gemm_Cublaslt_id_13_tile_0_stages_0_splitk_1_red_0_swizzle_0_custom_75_inner_0_cluster_0,0.061719
GemmTunableOp_BFloat16_TN,tn_12288_4_2048_ld_2048_2048_12288,Gemm_Cublaslt_id_21_tile_5_stages_20_splitk_1_red_0_swizzle_0_custom_0_inner_0_cluster_0,0.0636237
GemmTunableOp_BFloat16_TN,tn_12288_16_2048_ld_2048_2048_12288,Gemm_Cublaslt_id_21_tile_5_stages_20_splitk_1_red_0_swizzle_0_custom_0_inner_0_cluster_0,0.0644544
GemmTunableOp_BFloat16_TN,tn_12288_32_2048_ld_2048_2048_12288,Gemm_Cublaslt_id_21_tile_15_stages_12_splitk_3_red_1_swizzle_0_custom_0_inner_0_cluster_0,0.0773482
GemmTunableOp_BFloat16_TN,tn_12288_64_2048_ld_2048_2048_12288,Gemm_Cublaslt_id_21_tile_15_stages_12_splitk_3_red_1_swizzle_0_custom_0_inner_0_cluster_0,0.0815434
GemmTunableOp_BFloat16_TN,tn_12288_128_2048_ld_2048_2048_12288,Gemm_Cublaslt_id_21_tile_18_stages_12_splitk_1_red_0_swizzle_0_custom_0_inner_0_cluster_0,0.131284
GemmTunableOp_BFloat16_TN,tn_12288_256_2048_ld_2048_2048_12288,Gemm_Cublaslt_id_5_tile_20_stages_7_splitk_3_red_1_swizzle_1_custom_0_inner_0_cluster_0,0.210063
GemmTunableOp_BFloat16_TN,tn_12288_512_2048_ld_2048_2048_12288,Gemm_Cublaslt_id_5_tile_20_stages_7_splitk_2_red_1_swizzle_1_custom_0_inner_0_cluster_0,0.393593
GemmTunableOp_BFloat16_TN,tn_4096_2_2048_ld_2048_2048_4096,Gemm_Cublaslt_id_21_tile_11_stages_20_splitk_1_red_0_swizzle_0_custom_0_inner_0_cluster_0,0.0257971
GemmTunableOp_BFloat16_TN,tn_2048_2_2048_ld_2048_2048_2048,Gemm_Cublaslt_id_21_tile_5_stages_20_splitk_3_red_4_swizzle_0_custom_0_inner_0_cluster_0,0.0178259
GemmTunableOp_BFloat16_TN,tn_12288_2_2048_ld_2048_2048_12288,Default,0.0632339
GemmTunableOp_BFloat16_TN,tn_2048_2_6144_ld_6144_6144_2048,Gemm_Cublaslt_id_21_tile_5_stages_20_splitk_3_red_4_swizzle_0_custom_0_inner_0_cluster_0,0.038329
GemmTunableOp_BFloat16_TN,tn_151936_2_2048_ld_2048_2048_151936,Gemm_Cublaslt_id_21_tile_11_stages_20_splitk_1_red_0_swizzle_0_custom_0_inner_0_cluster_0,0.718551
GemmTunableOp_BFloat16_TN,tn_4096_3_2048_ld_2048_2048_4096,Gemm_Cublaslt_id_21_tile_15_stages_12_splitk_1_red_0_swizzle_0_custom_0_inner_0_cluster_0,0.0255421
GemmTunableOp_BFloat16_TN,tn_2048_3_2048_ld_2048_2048_2048,Gemm_Cublaslt_id_21_tile_5_stages_20_splitk_3_red_4_swizzle_0_custom_0_inner_0_cluster_0,0.017975
GemmTunableOp_BFloat16_TN,tn_12288_3_2048_ld_2048_2048_12288,Gemm_Cublaslt_id_21_tile_5_stages_20_splitk_1_red_0_swizzle_0_custom_0_inner_0_cluster_0,0.0632758
GemmTunableOp_BFloat16_TN,tn_2048_3_6144_ld_6144_6144_2048,Gemm_Cublaslt_id_21_tile_5_stages_20_splitk_3_red_4_swizzle_0_custom_0_inner_0_cluster_0,0.0373232
GemmTunableOp_BFloat16_TN,tn_151936_3_2048_ld_2048_2048_151936,Gemm_Cublaslt_id_21_tile_11_stages_20_splitk_1_red_0_swizzle_0_custom_0_inner_0_cluster_0,0.71865
GemmTunableOp_BFloat16_TN,tn_4096_8_2048_ld_2048_2048_4096,Gemm_Cublaslt_id_21_tile_11_stages_20_splitk_1_red_0_swizzle_0_custom_0_inner_0_cluster_0,0.0274944
GemmTunableOp_BFloat16_TN,tn_2048_8_2048_ld_2048_2048_2048,Gemm_Cublaslt_id_21_tile_5_stages_20_splitk_3_red_4_swizzle_0_custom_0_inner_0_cluster_0,0.0182214
GemmTunableOp_BFloat16_TN,tn_12288_8_2048_ld_2048_2048_12288,Gemm_Cublaslt_id_21_tile_5_stages_20_splitk_1_red_0_swizzle_0_custom_0_inner_0_cluster_0,0.063647
GemmTunableOp_BFloat16_TN,tn_2048_8_6144_ld_6144_6144_2048,Gemm_Cublaslt_id_21_tile_5_stages_20_splitk_3_red_4_swizzle_0_custom_0_inner_0_cluster_0,0.0387085
GemmTunableOp_BFloat16_TN,tn_151936_8_2048_ld_2048_2048_151936,Gemm_Cublaslt_id_21_tile_11_stages_20_splitk_1_red_0_swizzle_0_custom_0_inner_0_cluster_0,0.72719
